{"cameraMode":{"drawMode":0,"name":"Shaded","section":"Shading Mode"},"sceneLighting":true,"audioPlay":false,"sceneViewState":{"showFog":true,"showMaterialUpdate":true,"showSkybox":true,"showFlares":true,"showImageEffects":true,"showParticleSystems":true},"in2DMode":false,"pivot":{"x":37.39248275756836,"y":29.21944808959961,"z":71.98342895507813},"rotation":{"x":0.013542686589062214,"y":-0.9716672301292419,"z":0.22885197401046754,"w":0.05749901011586189},"size":8.7188081741333,"orthographic":false}