{"cameraMode":{"drawMode":0,"name":"Shaded","section":"Shading Mode"},"sceneLighting":true,"audioPlay":false,"sceneViewState":{"showFog":true,"showMaterialUpdate":true,"showSkybox":true,"showFlares":true,"showImageEffects":true,"showParticleSystems":true},"in2DMode":false,"pivot":{"x":28.97563934326172,"y":29.717601776123048,"z":66.48658752441406},"rotation":{"x":-0.005862379912286997,"y":-0.9413350224494934,"z":0.33702507615089419,"w":-0.016374580562114717},"size":14.149341583251954,"orthographic":false}