{"cameraMode":{"drawMode":0,"name":"Shaded","section":"Shading Mode"},"sceneLighting":true,"audioPlay":false,"sceneViewState":{"showFog":true,"showMaterialUpdate":true,"showSkybox":true,"showFlares":true,"showImageEffects":true,"showParticleSystems":true},"in2DMode":false,"pivot":{"x":4.273614883422852,"y":2.4693822860717775,"z":-4.620113372802734},"rotation":{"x":-0.18386906385421754,"y":0.6956766843795776,"z":-0.19164301455020905,"w":-0.6674572825431824},"size":10.0,"orthographic":false}