{"cameraMode":{"drawMode":0,"name":"Shaded","section":"Shading Mode"},"sceneLighting":true,"audioPlay":false,"sceneViewState":{"showFog":true,"showMaterialUpdate":true,"showSkybox":true,"showFlares":true,"showImageEffects":true,"showParticleSystems":true},"in2DMode":false,"pivot":{"x":30.776752471923829,"y":17.170360565185548,"z":57.25044631958008},"rotation":{"x":-0.09052950143814087,"y":-0.8513606190681458,"z":0.15651367604732514,"w":-0.49243566393852236},"size":110.27357482910156,"orthographic":false}