{"cameraMode":{"drawMode":0,"name":"Shaded","section":"Shading Mode"},"sceneLighting":true,"audioPlay":false,"sceneViewState":{"showFog":true,"showMaterialUpdate":true,"showSkybox":true,"showFlares":true,"showImageEffects":true,"showParticleSystems":true},"in2DMode":false,"pivot":{"x":28.644681930541993,"y":12.13351821899414,"z":57.006431579589847},"rotation":{"x":0.31306639313697817,"y":-0.6094287037849426,"z":0.28453728556632998,"w":0.6705405116081238},"size":42.975223541259769,"orthographic":false}