{"cameraMode":{"drawMode":0,"name":"Shaded","section":"Shading Mode"},"sceneLighting":true,"audioPlay":false,"sceneViewState":{"showFog":true,"showMaterialUpdate":true,"showSkybox":true,"showFlares":true,"showImageEffects":true,"showParticleSystems":true},"in2DMode":false,"pivot":{"x":70.37211608886719,"y":25.096220016479493,"z":91.20729064941406},"rotation":{"x":0.014493066817522049,"y":-0.9626506567001343,"z":0.265188604593277,"w":0.05261870101094246},"size":10.84657096862793,"orthographic":false}