{"cameraMode":{"drawMode":0,"name":"Shaded","section":"Shading Mode"},"sceneLighting":true,"audioPlay":false,"sceneViewState":{"showFog":true,"showMaterialUpdate":true,"showSkybox":true,"showFlares":true,"showImageEffects":true,"showParticleSystems":true},"in2DMode":false,"pivot":{"x":2.937413215637207,"y":3.6198415756225588,"z":-8.129020690917969},"rotation":{"x":-0.19686228036880494,"y":0.37469884753227236,"z":-0.08175026625394821,"w":-0.9023098349571228},"size":7.244753360748291,"orthographic":false}