{"cameraMode":{"drawMode":0,"name":"Shaded","section":"Shading Mode"},"sceneLighting":true,"audioPlay":false,"sceneViewState":{"showFog":true,"showMaterialUpdate":true,"showSkybox":true,"showFlares":true,"showImageEffects":true,"showParticleSystems":true},"in2DMode":false,"pivot":{"x":2.937413215637207,"y":3.6198415756225588,"z":-8.129020690917969},"rotation":{"x":-0.1361801028251648,"y":0.05406024307012558,"z":-0.007442464120686054,"w":-0.9891800284385681},"size":7.244753360748291,"orthographic":false}