{"cameraMode":{"drawMode":0,"name":"Shaded","section":"Shading Mode"},"sceneLighting":true,"audioPlay":false,"sceneViewState":{"showFog":true,"showMaterialUpdate":true,"showSkybox":true,"showFlares":true,"showImageEffects":true,"showParticleSystems":true},"in2DMode":false,"pivot":{"x":2.825838565826416,"y":1.9330775737762452,"z":-6.246204376220703},"rotation":{"x":-0.14582230150699616,"y":0.5634088516235352,"z":-0.10183056443929672,"w":-0.8068066835403442},"size":7.244753360748291,"orthographic":false}