{"cameraMode":{"drawMode":0,"name":"Shaded","section":"Shading Mode"},"sceneLighting":true,"audioPlay":false,"sceneViewState":{"showFog":true,"showMaterialUpdate":true,"showSkybox":true,"showFlares":true,"showImageEffects":true,"showParticleSystems":true},"in2DMode":false,"pivot":{"x":-0.6754019260406494,"y":-1.0279712677001954,"z":-0.6783027648925781},"rotation":{"x":-0.09446719288825989,"y":0.06475898623466492,"z":-0.006158101372420788,"w":-0.9934003949165344},"size":8.317895889282227,"orthographic":false}