{"cameraMode":{"drawMode":0,"name":"Shaded","section":"Shading Mode"},"sceneLighting":true,"audioPlay":false,"sceneViewState":{"showFog":true,"showMaterialUpdate":true,"showSkybox":true,"showFlares":true,"showImageEffects":true,"showParticleSystems":true},"in2DMode":false,"pivot":{"x":-1.544454574584961,"y":5.865799903869629,"z":-7.328641414642334},"rotation":{"x":-0.054248470813035968,"y":0.8770300149917603,"z":-0.10202521085739136,"w":-0.46633288264274599},"size":24.888519287109376,"orthographic":false}