{"cameraMode":{"drawMode":0,"name":"Shaded","section":"Shading Mode"},"sceneLighting":true,"audioPlay":false,"sceneViewState":{"showFog":true,"showMaterialUpdate":true,"showSkybox":true,"showFlares":true,"showImageEffects":true,"showParticleSystems":true},"in2DMode":false,"pivot":{"x":0.19922089576721192,"y":1.2016487121582032,"z":-0.7069826126098633},"rotation":{"x":-0.036665212363004687,"y":0.9472875595092773,"z":-0.11740539968013764,"w":-0.29583442211151125},"size":4.843048095703125,"orthographic":false}