{"cameraMode":{"drawMode":0,"name":"Shaded","section":"Shading Mode"},"sceneLighting":true,"audioPlay":false,"sceneViewState":{"showFog":true,"showMaterialUpdate":true,"showSkybox":true,"showFlares":true,"showImageEffects":true,"showParticleSystems":true},"in2DMode":false,"pivot":{"x":0.1726078987121582,"y":0.4428551197052002,"z":-0.3188939094543457},"rotation":{"x":-0.05074916034936905,"y":0.9479048848152161,"z":-0.19492419064044953,"w":-0.24679039418697358},"size":7.9435906410217289,"orthographic":false}