{"cameraMode":{"drawMode":0,"name":"Shaded","section":"Shading Mode"},"sceneLighting":true,"audioPlay":false,"sceneViewState":{"showFog":true,"showMaterialUpdate":true,"showSkybox":true,"showFlares":true,"showImageEffects":true,"showParticleSystems":true},"in2DMode":false,"pivot":{"x":1.521327018737793,"y":1.7685034275054932,"z":-6.036038398742676},"rotation":{"x":-0.13124415278434754,"y":0.7668454051017761,"z":-0.16610270738601685,"w":-0.6059149503707886},"size":7.243049621582031,"orthographic":false}