{"cameraMode":{"drawMode":0,"name":"Shaded","section":"Shading Mode"},"sceneLighting":true,"audioPlay":false,"sceneViewState":{"showFog":true,"showMaterialUpdate":true,"showSkybox":true,"showFlares":true,"showImageEffects":true,"showParticleSystems":true},"in2DMode":false,"pivot":{"x":0.1726078987121582,"y":0.4428551197052002,"z":-0.3188939094543457},"rotation":{"x":-0.052579060196876529,"y":0.9395699501037598,"z":-0.16836291551589967,"w":-0.2934240400791168},"size":7.9435906410217289,"orthographic":false}