{"cameraMode":{"drawMode":0,"name":"Shaded","section":"Shading Mode"},"sceneLighting":true,"audioPlay":false,"sceneViewState":{"showFog":true,"showMaterialUpdate":true,"showSkybox":true,"showFlares":true,"showImageEffects":true,"showParticleSystems":true},"in2DMode":false,"pivot":{"x":0.7499833106994629,"y":1.6607182025909424,"z":-4.7147016525268559},"rotation":{"x":-0.07667849212884903,"y":0.8620445132255554,"z":-0.13717977702617646,"w":-0.48185208439826968},"size":7.243049621582031,"orthographic":false}