{"cameraMode":{"drawMode":0,"name":"Shaded","section":"Shading Mode"},"sceneLighting":true,"audioPlay":false,"sceneViewState":{"showFog":true,"showMaterialUpdate":true,"showSkybox":true,"showFlares":true,"showImageEffects":true,"showParticleSystems":true},"in2DMode":false,"pivot":{"x":164.81378173828126,"y":52.601932525634769,"z":98.38485717773438},"rotation":{"x":-0.09554535895586014,"y":0.8745684027671814,"z":-0.19218772649765016,"w":-0.4348161816596985},"size":2.440497875213623,"orthographic":false}