{"cameraMode":{"drawMode":0,"name":"Shaded","section":"Shading Mode"},"sceneLighting":true,"audioPlay":false,"sceneViewState":{"showFog":true,"showMaterialUpdate":true,"showSkybox":true,"showFlares":true,"showImageEffects":true,"showParticleSystems":true},"in2DMode":false,"pivot":{"x":101.33094787597656,"y":67.32817840576172,"z":57.15443801879883},"rotation":{"x":-0.18300017714500428,"y":0.7675203084945679,"z":-0.25035855174064639,"w":-0.5610207319259644},"size":19.836135864257814,"orthographic":false}