{"cameraMode":{"drawMode":0,"name":"Shaded","section":"Shading Mode"},"sceneLighting":true,"audioPlay":false,"sceneViewState":{"showFog":true,"showMaterialUpdate":true,"showSkybox":true,"showFlares":true,"showImageEffects":true,"showParticleSystems":true},"in2DMode":false,"pivot":{"x":142.11981201171876,"y":31.151512145996095,"z":56.464935302734378},"rotation":{"x":-0.03787340596318245,"y":-0.9604735374450684,"z":0.22165820002555848,"w":-0.16408520936965943},"size":26.378936767578126,"orthographic":false}