{"cameraMode":{"drawMode":0,"name":"Shaded","section":"Shading Mode"},"sceneLighting":true,"audioPlay":false,"sceneViewState":{"showFog":true,"showMaterialUpdate":true,"showSkybox":true,"showFlares":true,"showImageEffects":true,"showParticleSystems":true},"in2DMode":false,"pivot":{"x":142.11981201171876,"y":31.151512145996095,"z":56.464935302734378},"rotation":{"x":-0.06555858254432678,"y":-0.930869996547699,"z":0.2928641438484192,"w":-0.20835979282855988},"size":31.75944709777832,"orthographic":false}