{"cameraMode":{"drawMode":0,"name":"Shaded","section":"Shading Mode"},"sceneLighting":true,"audioPlay":false,"sceneViewState":{"showFog":true,"showMaterialUpdate":true,"showSkybox":true,"showFlares":true,"showImageEffects":true,"showParticleSystems":true},"in2DMode":false,"pivot":{"x":3.912971019744873,"y":-21.377355575561525,"z":48.0916633605957},"rotation":{"x":-0.17635108530521394,"y":0.018304863944649698,"z":-0.003279887605458498,"w":-0.9841516613960266},"size":117.08087921142578,"orthographic":false}