{"cameraMode":{"drawMode":0,"name":"Shaded","section":"Shading Mode"},"sceneLighting":true,"audioPlay":false,"sceneViewState":{"showFog":true,"showMaterialUpdate":true,"showSkybox":true,"showFlares":true,"showImageEffects":true,"showParticleSystems":true},"in2DMode":false,"pivot":{"x":-0.5971794128417969,"y":-5.611017227172852,"z":0.3536982536315918},"rotation":{"x":-0.12949936091899873,"y":-0.8448277115821838,"z":0.23682554066181184,"w":-0.46196305751800539},"size":28.22690773010254,"orthographic":false}