{"cameraMode":{"drawMode":0,"name":"Shaded","section":"Shading Mode"},"sceneLighting":true,"audioPlay":false,"sceneViewState":{"showFog":true,"showMaterialUpdate":true,"showSkybox":true,"showFlares":true,"showImageEffects":true,"showParticleSystems":true},"in2DMode":false,"pivot":{"x":3.1772196292877199,"y":2.6337509155273439,"z":-7.8559889793396},"rotation":{"x":-0.19806629419326783,"y":0.48093920946121218,"z":-0.11251171678304672,"w":-0.8466453552246094},"size":4.08669900894165,"orthographic":false}