{"cameraMode":{"drawMode":0,"name":"Shaded","section":"Shading Mode"},"sceneLighting":true,"audioPlay":false,"sceneViewState":{"showFog":true,"showMaterialUpdate":true,"showSkybox":true,"showFlares":true,"showImageEffects":true,"showParticleSystems":true},"in2DMode":false,"pivot":{"x":1.4218207597732545,"y":2.754819869995117,"z":-1.3301165103912354},"rotation":{"x":-0.030981706455349923,"y":0.9689722657203674,"z":-0.17813533544540406,"w":-0.16852502524852754},"size":4.08669900894165,"orthographic":false}