{"cameraMode":{"drawMode":0,"name":"Shaded","section":"Shading Mode"},"sceneLighting":true,"audioPlay":false,"sceneViewState":{"showFog":true,"showMaterialUpdate":true,"showSkybox":true,"showFlares":true,"showImageEffects":true,"showParticleSystems":true},"in2DMode":false,"pivot":{"x":1.7634496688842774,"y":1.809997797012329,"z":-4.178430557250977},"rotation":{"x":-0.07521028071641922,"y":0.8858756422996521,"z":-0.1546299159526825,"w":-0.4308798015117645},"size":5.092994213104248,"orthographic":false}