{"cameraMode":{"drawMode":0,"name":"Shaded","section":"Shading Mode"},"sceneLighting":true,"audioPlay":false,"sceneViewState":{"showFog":true,"showMaterialUpdate":true,"showSkybox":true,"showFlares":true,"showImageEffects":true,"showParticleSystems":true},"in2DMode":false,"pivot":{"x":0.14407920837402345,"y":0.586845874786377,"z":-0.5548510551452637},"rotation":{"x":-0.06699255108833313,"y":0.907265841960907,"z":-0.1583639681339264,"w":-0.3837989568710327},"size":12.39820671081543,"orthographic":false}