{"cameraMode":{"drawMode":0,"name":"Shaded","section":"Shading Mode"},"sceneLighting":true,"audioPlay":false,"sceneViewState":{"showFog":true,"showMaterialUpdate":true,"showSkybox":true,"showFlares":true,"showImageEffects":true,"showParticleSystems":true},"in2DMode":false,"pivot":{"x":1.5345392227172852,"y":0.2881598472595215,"z":-0.5454425811767578},"rotation":{"x":0.008320081047713757,"y":0.9727257490158081,"z":-0.22910165786743165,"w":0.035326264798641208},"size":9.23553466796875,"orthographic":false}