{"cameraMode":{"drawMode":0,"name":"Shaded","section":"Shading Mode"},"sceneLighting":true,"audioPlay":false,"sceneViewState":{"showFog":true,"showMaterialUpdate":true,"showSkybox":true,"showFlares":true,"showImageEffects":true,"showParticleSystems":true},"in2DMode":false,"pivot":{"x":-3.436469316482544,"y":1.4363170862197877,"z":-3.1953301429748537},"rotation":{"x":-0.25891730189323428,"y":-0.3762398362159729,"z":0.11035645753145218,"w":-0.8827383518218994},"size":2.824894905090332,"orthographic":false}