{"cameraMode":{"drawMode":0,"name":"Shaded","section":"Shading Mode"},"sceneLighting":true,"audioPlay":false,"sceneViewState":{"showFog":true,"showMaterialUpdate":true,"showSkybox":true,"showFlares":true,"showImageEffects":true,"showParticleSystems":true},"in2DMode":false,"pivot":{"x":2.0061535835266115,"y":1.4692500829696656,"z":-4.468401908874512},"rotation":{"x":-0.21648553013801576,"y":0.24077053368091584,"z":-0.055183954536914828,"w":-0.944520115852356},"size":3.357081174850464,"orthographic":false}