{"cameraMode":{"drawMode":0,"name":"Shaded","section":"Shading Mode"},"sceneLighting":true,"audioPlay":false,"sceneViewState":{"showFog":true,"showMaterialUpdate":true,"showSkybox":true,"showFlares":true,"showImageEffects":true,"showParticleSystems":true},"in2DMode":false,"pivot":{"x":-0.33573198318481448,"y":-0.24547457695007325,"z":-3.6872034072875978},"rotation":{"x":0.24661917984485627,"y":-0.10875444114208222,"z":0.027864273637533189,"w":0.9625877737998962},"size":10.449999809265137,"orthographic":false}