{"cameraMode":{"drawMode":0,"name":"Shaded","section":"Shading Mode"},"sceneLighting":true,"audioPlay":false,"sceneViewState":{"showFog":true,"showMaterialUpdate":true,"showSkybox":true,"showFlares":true,"showImageEffects":true,"showParticleSystems":true},"in2DMode":false,"pivot":{"x":0.88714599609375,"y":0.09520554542541504,"z":-0.9922854900360107},"rotation":{"x":-0.007016841787844896,"y":0.9761740565299988,"z":-0.21451199054718018,"w":-0.03193143010139465},"size":7.494422435760498,"orthographic":false}