{"cameraMode":{"drawMode":0,"name":"Shaded","section":"Shading Mode"},"sceneLighting":true,"audioPlay":false,"sceneViewState":{"showFog":true,"showMaterialUpdate":true,"showSkybox":true,"showFlares":true,"showImageEffects":true,"showParticleSystems":true},"in2DMode":false,"pivot":{"x":0.14657551050186158,"y":0.6719326972961426,"z":-0.15318512916564942},"rotation":{"x":0.0029813305009156467,"y":0.9701100587844849,"z":-0.24235330522060395,"w":0.01193387433886528},"size":2.1452343463897707,"orthographic":false}